{
  "hash": "9a6c3cc9",
  "configHash": "928c0dd6",
  "lockfileHash": "e08f8ee0",
  "browserHash": "ecf1939a",
  "optimized": {
    "@angular/common": {
      "src": "../../../../../node_modules/@angular/common/fesm2022/common.mjs",
      "file": "@angular_common.js",
      "fileHash": "38ce5a16",
      "needsInterop": false
    },
    "@angular/common/http": {
      "src": "../../../../../node_modules/@angular/common/fesm2022/http.mjs",
      "file": "@angular_common_http.js",
      "fileHash": "4a911585",
      "needsInterop": false
    },
    "@angular/core": {
      "src": "../../../../../node_modules/@angular/core/fesm2022/core.mjs",
      "file": "@angular_core.js",
      "fileHash": "14ae08d3",
      "needsInterop": false
    },
    "@angular/platform-browser": {
      "src": "../../../../../node_modules/@angular/platform-browser/fesm2022/platform-browser.mjs",
      "file": "@angular_platform-browser.js",
      "fileHash": "5d9c1b63",
      "needsInterop": false
    },
    "@angular/router": {
      "src": "../../../../../node_modules/@angular/router/fesm2022/router.mjs",
      "file": "@angular_router.js",
      "fileHash": "56bbd05f",
      "needsInterop": false
    },
    "express": {
      "src": "../../../../../node_modules/express/index.js",
      "file": "express.js",
      "fileHash": "306fda70",
      "needsInterop": true
    },
    "rxjs": {
      "src": "../../../../../node_modules/rxjs/dist/esm5/index.js",
      "file": "rxjs.js",
      "fileHash": "121bbf93",
      "needsInterop": false
    },
    "@angular/platform-browser/animations": {
      "src": "../../../../../node_modules/@angular/platform-browser/fesm2022/animations.mjs",
      "file": "@angular_platform-browser_animations.js",
      "fileHash": "f19b6de6",
      "needsInterop": false
    },
    "@angular/forms": {
      "src": "../../../../../node_modules/@angular/forms/fesm2022/forms.mjs",
      "file": "@angular_forms.js",
      "fileHash": "9734ae6c",
      "needsInterop": false
    }
  },
  "chunks": {
    "chunk-V367QGG4": {
      "file": "chunk-V367QGG4.js"
    },
    "chunk-J4QD7SPE": {
      "file": "chunk-J4QD7SPE.js"
    },
    "chunk-JQUEBXAY": {
      "file": "chunk-JQUEBXAY.js"
    },
    "chunk-V4WKEUUZ": {
      "file": "chunk-V4WKEUUZ.js"
    },
    "chunk-4J25ECOH": {
      "file": "chunk-4J25ECOH.js"
    },
    "chunk-X6JV76XL": {
      "file": "chunk-X6JV76XL.js"
    }
  }
}